00A9,E731
00AE,E736
203C,E704
2049,E703
2122,E732
2139,[ｉ]
2194,E73C
2195,E73D
2196,E697
2197,E678
2198,E696
2199,E6A5
21A9,E6DA
21AA,└→
231A,E71F
231B,E71C
23E9,[>>]
23EA,[<<]
23EB,▲
23EC,▼
23F0,E6BA
23F3,E71C
24C2,E65C
25AA,■
25AB,■
25B6,[>]
25C0,[<]
25FB,■
25FC,■
25FD,■
25FE,■
2600,E63E
2601,E63F
260E,E687
2611,[チェックマーク]
2614,E640
2615,E670
261D,[人差し指]
263A,E6F0
2648,E646
2649,E647
264A,E648
264B,E649
264C,E64A
264D,E64B
264E,E64C
264F,E64D
2650,E64E
2651,E64F
2652,E650
2653,E651
2660,E68E
2663,E690
2665,E68D
2666,E68F
2668,E6F7
267B,E735
267F,E69B
2693,E661
26A0,E737
26A1,E642
26AA,E69C
26AB,E69C
26BD,E656
26BE,E653
26C4,E641
26CE,[蛇使座]
26D4,E72F
26EA,[教会]
26F2,[噴水]
26F3,E654
26F5,E6A3
26FA,[キャンプ]
26FD,E66B
2702,E675
2705,[チェックマーク]
2708,E662
2709,E6D3
270A,E693
270B,E695
270C,E694
270F,E719
2712,E6AE
2714,[チェックマーク]
2716,[×]
2728,E6FA
2733,E6F8
2734,E6F8
2744,[雪結晶]
2747,E6FA
274C,[×]
274E,[×]
2753,[？]
2754,[？]
2755,E702
2757,E702
2764,E6EC
2795,[＋]
2796,[－]
2797,[÷]
27A1,[→]
27B0,E70A
27BF,E6DF
2934,E6F5
2935,E700
2B05,[←]
2B06,[↑]
2B07,[↓]
2B1B,■
2B1C,■
2B50,[☆]
2B55,E6A0
3030,E709
303D,[歌記号]
3297,[祝]
3299,E734
FE0E,
FE0F,
1F004,[麻雀]
1F0CF,[ジョーカー]
1F170,[A]
1F171,[B]
1F17E,[O]
1F17F,E66C
1F18E,[AB]
1F191,E6DB
1F192,[COOL]
1F193,E6D7
1F194,E6D8
1F195,E6DD
1F196,E72F
1F197,E70B
1F198,[SOS]
1F199,[UP!]
1F19A,[VS]
1F1E6,[A]
1F1E7,[B]
1F1E8,[C]
1F1E9,[D]
1F1EA,[E]
1F1EB,[F]
1F1EC,[G]
1F1ED,[H]
1F1EE,[I]
1F1EF,[J]
1F1F0,[K]
1F1F1,[L]
1F1F2,[M]
1F1F3,[N]
1F1F4,[O]
1F1F5,[P]
1F1F6,[Q]
1F1F7,[R]
1F1F8,[S]
1F1F9,[T]
1F1FA,[U]
1F1FB,[V]
1F1FC,[W]
1F1FD,[X]
1F1FE,[Y]
1F1FF,[Z]
1F201,[ココ]
1F202,[サービス]
1F21A,[無]
1F22F,[指]
1F232,E738
1F233,E739
1F234,E73A
1F235,E73B
1F236,[有]
1F237,[月]
1F238,[申]
1F239,[割]
1F23A,[営]
1F250,[得]
1F251,[可]
1F300,E643
1F301,E644
1F302,E645
1F303,E6B3
1F304,E63E
1F305,E63E
1F306,[夕焼け]
1F307,E63E
1F308,[虹]
1F309,E6B3
1F30A,E73F
1F30B,[火山]
1F30C,E6B3
1F30F,[地球]
1F311,E69C
1F313,E69E
1F314,E69D
1F315,E6A0
1F319,E69F
1F31B,E69E
1F31F,[☆]
1F320,☆彡
1F330,[栗]
1F331,E746
1F334,[ヤシ]
1F335,[サボテン]
1F337,E743
1F338,E748
1F339,[バラ]
1F33A,[ハイビスカス]
1F33B,[ひまわり]
1F33C,[花]
1F33D,[とうもろこし]
1F33E,[稲穂]
1F33F,E741
1F340,E741
1F341,E747
1F342,E747
1F343,[風に舞う葉]
1F344,[キノコ]
1F345,[トマト]
1F346,[ナス]
1F347,[ブドウ]
1F348,[メロン]
1F349,[スイカ]
1F34A,[みかん]
1F34C,E744
1F34D,[パイナップル]
1F34E,E745
1F34F,E745
1F351,[モモ]
1F352,E742
1F353,[イチゴ]
1F354,E673
1F355,[ピザ]
1F356,[肉]
1F357,[チキン]
1F358,[せんべい]
1F359,E749
1F35A,E74C
1F35B,[カレー]
1F35C,E74C
1F35D,[パスタ]
1F35E,E74D
1F35F,[ポテト]
1F360,[やきいも]
1F361,[だんご]
1F362,[おでん]
1F363,[すし]
1F364,[エビフライ]
1F365,E643
1F366,[ソフトクリーム]
1F367,[カキ氷]
1F368,[アイスクリーム]
1F369,[ドーナツ]
1F36A,[クッキー]
1F36B,[チョコ]
1F36C,[キャンディ]
1F36D,[キャンディ]
1F36E,[プリン]
1F36F,[ハチミツ]
1F370,E74A
1F371,[弁当]
1F372,[鍋]
1F373,[フライパン]
1F374,E66F
1F375,E71E
1F376,E74B
1F377,E756
1F378,E671
1F379,E671
1F37A,E672
1F37B,E672
1F380,E684
1F381,E685
1F382,E686
1F383,[ハロウィン]
1F384,E6A4
1F385,[サンタ]
1F386,[花火]
1F387,[線香花火]
1F388,[風船]
1F389,[クラッカー]
1F38A,[オメデトウ]
1F38B,[七夕]
1F38C,[祝日]
1F38D,[門松]
1F38E,[ひな祭り]
1F38F,[こいのぼり]
1F390,[風鈴]
1F391,[お月見]
1F392,[ランドセル]
1F393,[卒業式]
1F3A0,E679
1F3A1,[観覧車]
1F3A2,[ジェットコースター]
1F3A3,E751
1F3A4,E676
1F3A5,E677
1F3A6,E677
1F3A7,E67A
1F3A8,E67B
1F3A9,E67C
1F3AA,E67D
1F3AB,E67E
1F3AC,E6AC
1F3AD,[演劇]
1F3AE,E68B
1F3AF,[的中]
1F3B0,[777]
1F3B1,[ビリヤード]
1F3B2,[サイコロ]
1F3B3,[ボーリング]
1F3B4,[花札]
1F3B5,E6F6
1F3B6,E6FF
1F3B7,[サックス]
1F3B8,[ギター]
1F3B9,[ピアノ]
1F3BA,[トランペット]
1F3BB,[バイオリン]
1F3BC,E6FF
1F3BD,E652
1F3BE,E655
1F3BF,E657
1F3C0,E658
1F3C1,E659
1F3C2,E712
1F3C3,E733
1F3C4,E712
1F3C6,[トロフィー]
1F3C8,[フットボール]
1F3CA,[水泳]
1F3E0,E663
1F3E1,E663
1F3E2,E664
1F3E3,E665
1F3E5,E666
1F3E6,E667
1F3E7,E668
1F3E8,E669
1F3EA,E66A
1F3EB,E73E
1F3EC,[デパート]
1F3ED,[工場]
1F3EE,E74B
1F3EF,[城]
1F3F0,[城]
1F40C,E74E
1F40D,[ヘビ]
1F40E,E754
1F411,[ヒツジ]
1F412,[サル]
1F414,[ニワトリ]
1F417,[イノシシ]
1F418,[ゾウ]
1F419,[タコ]
1F41A,[巻貝]
1F41B,[ゲジゲジ]
1F41C,[アリ]
1F41D,[ミツバチ]
1F41E,[てんとう虫]
1F41F,E751
1F420,E751
1F421,E751
1F422,[カメ]
1F423,E74F
1F424,E74F
1F425,E74F
1F426,E74F
1F427,E750
1F428,[コアラ]
1F429,E6A1
1F42B,[ラクダ]
1F42C,[イルカ]
1F42D,[ネズミ]
1F42E,[牛]
1F42F,[トラ]
1F430,[ウサギ]
1F431,E6A2
1F432,[辰]
1F433,[クジラ]
1F434,E754
1F435,[サル]
1F436,E6A1
1F437,E755
1F438,[カエル]
1F439,[ハムスター]
1F43A,E6A1
1F43B,[クマ]
1F43C,[パンダ]
1F43D,E755
1F43E,E698
1F440,E691
1F442,E692
1F443,[鼻]
1F444,E6F9
1F445,E728
1F446,[↑]
1F447,[↓]
1F448,[←]
1F449,[→]
1F44A,E6FD
1F44B,E695
1F44C,E70B
1F44D,E727
1F44E,E700
1F44F,[拍手]
1F450,E695
1F451,E71A
1F452,[帽子]
1F453,E69A
1F454,[ネクタイ]
1F455,E70E
1F456,E711
1F457,[ドレス]
1F458,[着物]
1F459,[ビキニ]
1F45A,E70E
1F45B,E70F
1F45C,E682
1F45D,E6AD
1F45E,E699
1F45F,E699
1F460,E674
1F461,E674
1F462,[ブーツ]
1F463,E698
1F464,E6B1
1F466,E6F0
1F467,E6F0
1F468,E6F0
1F469,E6F0
1F46A,[家族]
1F46B,[カップル]
1F46E,[警官]
1F46F,[バニー]
1F470,[花嫁]
1F471,[白人]
1F472,[中国人]
1F473,[インド人]
1F474,[おじいさん]
1F475,[おばあさん]
1F476,[赤ちゃん]
1F477,[工事現場の人]
1F478,[お姫様]
1F479,[なまはげ]
1F47A,[天狗]
1F47B,[お化け]
1F47C,[天使]
1F47D,[UFO]
1F47E,[宇宙人]
1F47F,[アクマ]
1F480,[ドクロ]
1F481,[案内]
1F482,[衛兵]
1F483,[ダンス]
1F484,E710
1F485,[マニキュア]
1F486,[エステ]
1F487,E675
1F488,[床屋]
1F489,[注射]
1F48A,[薬]
1F48B,E6F9
1F48C,E717
1F48D,E71B
1F48E,E71B
1F48F,E6F9
1F490,[花束]
1F491,E6ED
1F492,[結婚式]
1F493,E6ED
1F494,E6EE
1F495,E6EF
1F496,E6EC
1F497,E6ED
1F498,E6EC
1F499,E6EC
1F49A,E6EC
1F49B,E6EC
1F49C,E6EC
1F49D,E6EC
1F49E,E6ED
1F49F,E6F8
1F4A0,E6F8
1F4A1,E6FB
1F4A2,E6FC
1F4A3,E6FE
1F4A4,E701
1F4A5,E705
1F4A6,E706
1F4A7,E707
1F4A8,E708
1F4A9,[ウンチ]
1F4AA,[力こぶ]
1F4AB,[クラクラ]
1F4AC,[フキダシ]
1F4AE,[花丸]
1F4AF,[100点]
1F4B0,E715
1F4B1,[$￥]
1F4B2,E715
1F4B3,[カード]
1F4B4,E6D6
1F4B5,E715
1F4B8,[飛んでいくお金]
1F4B9,[株価]
1F4BA,E6B2
1F4BB,E716
1F4BC,E682
1F4BD,[MD]
1F4BE,[フロッピー]
1F4BF,E68C
1F4C0,E68C
1F4C1,[フォルダ]
1F4C2,[フォルダ]
1F4C3,E689
1F4C4,E689
1F4C5,[カレンダー]
1F4C6,[カレンダー]
1F4C7,E683
1F4C8,[グラフ]
1F4C9,[グラフ]
1F4CA,[グラフ]
1F4CB,E689
1F4CC,[画びょう]
1F4CD,[画びょう]
1F4CE,E730
1F4CF,[定規]
1F4D0,[三角定規]
1F4D1,E689
1F4D2,E683
1F4D3,E683
1F4D4,E683
1F4D5,E683
1F4D6,E683
1F4D7,E683
1F4D8,E683
1F4D9,E683
1F4DA,E683
1F4DB,[名札]
1F4DC,E70A
1F4DD,E689
1F4DE,E687
1F4DF,E65A
1F4E0,E6D0
1F4E1,[アンテナ]
1F4E2,[スピーカ]
1F4E3,[メガホン]
1F4E4,[送信BOX]
1F4E5,[受信BOX]
1F4E6,E685
1F4E7,E6D3
1F4E8,E6CF
1F4E9,E6CF
1F4EA,E665
1F4EB,E665
1F4EE,E665
1F4F0,[新聞]
1F4F1,E688
1F4F2,E6CE
1F4F3,[マナーモード]
1F4F4,[ケータイOFF]
1F4F6,[バリ3]
1F4F7,E681
1F4F9,E677
1F4FA,E68A
1F4FB,[ラジオ]
1F4FC,[ビデオ]
1F503,E735
1F50A,[スピーカ]
1F50B,[電池]
1F50C,[コンセント]
1F50D,E6DC
1F50E,E6DC
1F50F,E6D9
1F510,E6D9
1F511,E6D9
1F512,E6D9
1F513,E6D9
1F514,E713
1F516,[ブックマーク]
1F517,[リンク]
1F518,[ラジオボタン]
1F519,[←BACK]
1F51A,E6B9
1F51B,E6B8
1F51C,E6B7
1F51D,[TOP]
1F51E,[18禁]
1F51F,[10]
1F520,[ABCD]
1F521,[abcd]
1F522,[1234]
1F523,[記号]
1F524,[ABC]
1F525,[炎]
1F526,E6FB
1F527,E718
1F528,[ハンマー]
1F529,[ネジ]
1F52A,[包丁]
1F52B,[ピストル]
1F52E,[占い]
1F52F,[占い]
1F530,[若葉マーク]
1F531,E71A
1F532,E69C
1F533,E69C
1F534,E69C
1F535,E69C
1F536,◆
1F537,◆
1F538,◆
1F539,◆
1F53A,▲
1F53B,▼
1F53C,▲
1F53D,▼
1F550,E6BA
1F551,E6BA
1F552,E6BA
1F553,E6BA
1F554,E6BA
1F555,E6BA
1F556,E6BA
1F557,E6BA
1F558,E6BA
1F559,E6BA
1F55A,E6BA
1F55B,E6BA
1F5FB,E740
1F5FC,[東京タワー]
1F5FD,[自由の女神]
1F5FE,[日本地図]
1F5FF,[モアイ]
1F601,E753
1F602,E72A
1F603,E6F0
1F604,E6F0
1F605,E722
1F606,E72A
1F609,E729
1F60A,E6F0
1F60B,E752
1F60C,E721
1F60D,E726
1F60F,E72C
1F612,E725
1F613,E723
1F614,E720
1F616,E6F3
1F618,E726
1F61A,E726
1F61C,E728
1F61D,E728
1F61E,E6F2
1F620,E6F1
1F621,E724
1F622,E72E
1F623,E72B
1F624,E753
1F625,E723
1F628,E757
1F629,E6F3
1F62A,E701
1F62B,E72B
1F62D,E72D
1F630,E723
1F631,E757
1F632,E6F4
1F633,E72A
1F635,E6F4
1F637,[風邪ひき]
1F638,E753
1F639,E72A
1F63A,E6F0
1F63B,E726
1F63C,E753
1F63D,E726
1F63E,E724
1F63F,E72E
1F640,E6F3
1F645,E72F
1F646,E70B
1F647,m(_ _)m
1F648,(/_＼)
1F649,|(・×・)|
1F64A,(・×・)
1F64B,(^-^)/
1F64C,＼(^o^)／
1F64D,E6F3
1F64E,E6F1
1F64F,(>人<)
1F680,[ロケット]
1F683,E65B
1F684,E65D
1F685,E65D
1F687,E65C
1F689,[駅]
1F68C,E660
1F68F,[バス停]
1F691,[救急車]
1F692,[消防車]
1F693,[パトカー]
1F695,E65E
1F697,E65E
1F699,E65F
1F69A,[トラック]
1F6A2,E661
1F6A4,E6A3
1F6A5,E66D
1F6A7,[工事中]
1F6A8,[パトカー]
1F6A9,E6DE
1F6AA,E714
1F6AB,E738
1F6AC,E67F
1F6AD,E680
1F6B2,E71D
1F6B6,E733
1F6B9,[♂]
1F6BA,[♀]
1F6BB,E66E
1F6BC,[赤ちゃん]
1F6BD,E66E
1F6BE,E66E
1F6C0,E6F7
FE000,E63E
FE001,E63F
FE002,E640
FE003,E641
FE004,E642
FE005,E643
FE006,E644
FE007,E645
FE008,E6B3
FE009,E63E
FE00A,E63E
FE00B,[夕焼け]
FE00C,E63E
FE00D,[虹]
FE00E,[雪結晶]
FE010,E6B3
FE011,E69C
FE012,E69D
FE013,E69E
FE014,E69F
FE015,E6A0
FE016,E69E
FE017,[お月見]
FE018,E6B7
FE019,E6B8
FE01A,E6B9
FE01B,E71C
FE01C,E71C
FE01D,E71F
FE01E,E6BA
FE01F,E6BA
FE020,E6BA
FE021,E6BA
FE022,E6BA
FE023,E6BA
FE024,E6BA
FE025,E6BA
FE026,E6BA
FE027,E6BA
FE028,E6BA
FE029,E6BA
FE02A,E6BA
FE02B,E646
FE02C,E647
FE02D,E648
FE02E,E649
FE02F,E64A
FE030,E64B
FE031,E64C
FE032,E64D
FE033,E64E
FE034,E64F
FE035,E650
FE036,E651
FE037,[蛇使座]
FE038,E73F
FE039,[地球]
FE03A,[火山]
FE03B,E6B3
FE03C,E741
FE03D,E743
FE03E,E746
FE03F,E747
FE040,E748
FE041,[バラ]
FE042,E747
FE043,[風に舞う葉]
FE044,[若葉マーク]
FE045,[ハイビスカス]
FE046,[ひまわり]
FE047,[ヤシ]
FE048,[サボテン]
FE049,[稲穂]
FE04A,[とうもろこし]
FE04B,[キノコ]
FE04C,[栗]
FE04D,[花]
FE04E,E741
FE04F,E742
FE050,E744
FE051,E745
FE052,[みかん]
FE053,[イチゴ]
FE054,[スイカ]
FE055,[トマト]
FE056,[ナス]
FE057,[メロン]
FE058,[パイナップル]
FE059,[ブドウ]
FE05A,[モモ]
FE05B,E745
FE190,E691
FE191,E692
FE192,[鼻]
FE193,E6F9
FE194,E728
FE195,E710
FE196,[マニキュア]
FE197,[エステ]
FE198,E675
FE199,[床屋]
FE19A,E6B1
FE19B,E6F0
FE19C,E6F0
FE19D,E6F0
FE19E,E6F0
FE19F,[家族]
FE1A0,[カップル]
FE1A1,[警官]
FE1A2,[バニー]
FE1A3,[花嫁]
FE1A4,[白人]
FE1A5,[中国人]
FE1A6,[インド人]
FE1A7,[おじいさん]
FE1A8,[おばあさん]
FE1A9,[赤ちゃん]
FE1AA,[工事現場の人]
FE1AB,[お姫様]
FE1AC,[なまはげ]
FE1AD,[天狗]
FE1AE,[お化け]
FE1AF,[天使]
FE1B0,[UFO]
FE1B1,[宇宙人]
FE1B2,[アクマ]
FE1B3,[ドクロ]
FE1B4,[案内]
FE1B5,[衛兵]
FE1B6,[ダンス]
FE1B7,E6A1
FE1B8,E6A2
FE1B9,E74E
FE1BA,E74F
FE1BB,E74F
FE1BC,E750
FE1BD,E751
FE1BE,E754
FE1BF,E755
FE1C0,[トラ]
FE1C1,[クマ]
FE1C2,[ネズミ]
FE1C3,[クジラ]
FE1C4,[サル]
FE1C5,[タコ]
FE1C6,[巻貝]
FE1C7,[イルカ]
FE1C8,E74F
FE1C9,E751
FE1CA,[ハムスター]
FE1CB,[ゲジゲジ]
FE1CC,[ゾウ]
FE1CD,[コアラ]
FE1CE,[サル]
FE1CF,[ヒツジ]
FE1D0,E6A1
FE1D1,[牛]
FE1D2,[ウサギ]
FE1D3,[ヘビ]
FE1D4,[ニワトリ]
FE1D5,[イノシシ]
FE1D6,[ラクダ]
FE1D7,[カエル]
FE1D8,E6A1
FE1D9,E751
FE1DA,[アリ]
FE1DB,E698
FE1DC,[カメ]
FE1DD,E74F
FE1DE,[辰]
FE1DF,[パンダ]
FE1E0,E755
FE1E1,[ミツバチ]
FE1E2,[てんとう虫]
FE1E3,[カニ]
FE320,E6F1
FE321,E6F3
FE322,E6F4
FE323,E6F2
FE324,E6F4
FE325,E723
FE326,E725
FE327,E726
FE328,E753
FE329,E728
FE32A,E728
FE32B,E752
FE32C,E726
FE32D,E726
FE32E,[風邪ひき]
FE32F,E72A
FE330,E6F0
FE331,E722
FE332,E72A
FE333,E753
FE334,E72A
FE335,E6F0
FE336,E6F0
FE337,E6F0
FE338,E6F0
FE339,E72E
FE33A,E72D
FE33B,E757
FE33C,E72B
FE33D,E724
FE33E,E721
FE33F,E6F3
FE340,E720
FE341,E757
FE342,E701
FE343,E72C
FE344,E723
FE345,E723
FE346,E72B
FE347,E729
FE348,E6F0
FE349,E753
FE34A,E72A
FE34B,E726
FE34C,E726
FE34D,E72E
FE34E,E724
FE34F,E753
FE350,E6F3
FE351,E72F
FE352,E70B
FE353,m(_ _)m
FE354,(/_＼)
FE355,(・×・)
FE356,|(・×・)|
FE357,(^-^)/
FE358,＼(^o^)／
FE359,E6F3
FE35A,E6F1
FE35B,(>人<)
FE35C,B-)
FE35D,＼(^-^)／
FE35E,8-|
FE35F,[考え中]
FE360,[やったー]
FE361,[クラクラ]
FE362,[ムムム]
FE363,[エッ?]
FE364,[逆立ち]
FE365,[怪我をした顔]
FE366,[心配した顔]
FE367,[同情した顔]
FE368,[細い顔]
FE369,[ロボット]
FE4B0,E663
FE4B1,E663
FE4B2,E664
FE4B3,E665
FE4B4,E666
FE4B5,E667
FE4B6,E668
FE4B7,E669
FE4B9,E66A
FE4BA,E73E
FE4BB,[教会]
FE4BC,[噴水]
FE4BD,[デパート]
FE4BE,[城]
FE4BF,[城]
FE4C0,[工場]
FE4C1,E661
FE4C2,E74B
FE4C3,E740
FE4C4,[東京タワー]
FE4C6,[自由の女神]
FE4C7,[日本地図]
FE4C8,[モアイ]
FE4C9,E718
FE4CA,[ハンマー]
FE4CB,[ネジ]
FE4CC,E699
FE4CD,E699
FE4CE,E69A
FE4CF,E70E
FE4D0,E711
FE4D1,E71A
FE4D2,E71A
FE4D3,[ネクタイ]
FE4D4,[帽子]
FE4D5,[ドレス]
FE4D6,E674
FE4D7,E674
FE4D8,[ブーツ]
FE4D9,[着物]
FE4DA,[ビキニ]
FE4DB,E70E
FE4DC,E70F
FE4DD,E715
FE4DE,[$￥]
FE4DF,[株価]
FE4E0,E715
FE4E1,[カード]
FE4E2,E6D6
FE4E3,E715
FE4E4,[飛んでいくお金]
FE4E5,[日の丸]
FE4E6,[USA]
FE4E7,[フランス]
FE4E8,[ドイツ]
FE4E9,[イタリア]
FE4EA,[イギリス]
FE4EB,[スペイン]
FE4EC,[ロシア]
FE4ED,[中国]
FE4EE,[韓国]
FE4EF,E681
FE4F0,E682
FE4F1,E6AD
FE4F2,E713
FE4F3,E714
FE4F4,[ウンチ]
FE4F5,[ピストル]
FE4F6,[炎]
FE4F7,[占い]
FE4F8,[占い]
FE4F9,E677
FE4FA,[包丁]
FE4FB,E6FB
FE4FC,[電池]
FE4FD,E70A
FE4FE,[コンセント]
FE4FF,E683
FE500,E683
FE501,E683
FE502,E683
FE503,E683
FE504,[名札]
FE505,E6F7
FE506,E66E
FE507,E66E
FE508,E66E
FE509,[注射]
FE50A,[薬]
FE50B,[A]
FE50C,[B]
FE50D,[AB]
FE50E,[O]
FE50F,E684
FE510,E685
FE511,E686
FE512,E6A4
FE513,[サンタ]
FE514,[祝日]
FE515,[花火]
FE516,[風船]
FE517,[クラッカー]
FE518,[門松]
FE519,[ひな祭り]
FE51A,[卒業式]
FE51B,[ランドセル]
FE51C,[こいのぼり]
FE51D,[線香花火]
FE51E,[風鈴]
FE51F,[ハロウィン]
FE520,[オメデトウ]
FE521,[七夕]
FE522,E65A
FE523,E687
FE524,E687
FE525,E688
FE526,E6CE
FE527,E689
FE528,E6D0
FE529,E6D3
FE52A,E6CF
FE52B,E6CF
FE52C,E665
FE52D,E665
FE52E,E665
FE52F,[スピーカ]
FE530,[メガホン]
FE531,[アンテナ]
FE532,[フキダシ]
FE533,[送信BOX]
FE534,[受信BOX]
FE535,E685
FE536,E6AE
FE537,E6B2
FE538,E716
FE539,E719
FE53A,E730
FE53B,E682
FE53C,[MD]
FE53D,[フロッピー]
FE53E,E675
FE53F,[画びょう]
FE540,E689
FE541,E689
FE542,[カレンダー]
FE543,[フォルダ]
FE544,[フォルダ]
FE545,E683
FE546,E683
FE547,E683
FE548,E689
FE549,[カレンダー]
FE54A,[グラフ]
FE54B,[グラフ]
FE54C,[グラフ]
FE54D,E683
FE54E,[画びょう]
FE54F,E683
FE550,[定規]
FE551,[三角定規]
FE552,E689
FE553,E698
FE7D0,E652
FE7D1,E653
FE7D2,E654
FE7D3,E655
FE7D4,E656
FE7D5,E657
FE7D6,E658
FE7D7,E659
FE7D8,E712
FE7D9,E733
FE7DA,E712
FE7DB,[トロフィー]
FE7DC,E754
FE7DD,[フットボール]
FE7DE,[水泳]
FE7DF,E65B
FE7E0,E65C
FE7E1,E65C
FE7E2,E65D
FE7E3,E65D
FE7E4,E65E
FE7E5,E65F
FE7E6,E660
FE7E7,[バス停]
FE7E8,E661
FE7E9,E662
FE7EA,E6A3
FE7EB,E71D
FE7EC,[駅]
FE7ED,[ロケット]
FE7EE,E6A3
FE7EF,E65E
FE7F0,E733
FE7F1,[トラック]
FE7F2,[消防車]
FE7F3,[救急車]
FE7F4,[パトカー]
FE7F5,E66B
FE7F6,E66C
FE7F7,E66D
FE7F8,[工事中]
FE7F9,[パトカー]
FE7FA,E6F7
FE7FB,[キャンプ]
FE7FC,E679
FE7FD,[観覧車]
FE7FE,[ジェットコースター]
FE7FF,E751
FE800,E676
FE801,E677
FE802,E677
FE803,E67A
FE804,E67B
FE805,E67C
FE806,E67D
FE807,E67E
FE808,E6AC
FE809,[演劇]
FE80A,E68B
FE80B,[麻雀]
FE80C,[的中]
FE80D,[777]
FE80E,[ビリヤード]
FE80F,[サイコロ]
FE810,[ボーリング]
FE811,[花札]
FE812,[ジョーカー]
FE813,E6F6
FE814,E6FF
FE815,[サックス]
FE816,[ギター]
FE817,[ピアノ]
FE818,[トランペット]
FE819,[バイオリン]
FE81A,E6FF
FE81B,[歌記号]
FE81C,E68A
FE81D,E68C
FE81E,E68C
FE81F,[ラジオ]
FE820,[ビデオ]
FE821,[スピーカ]
FE822,[新聞]
FE823,E6F9
FE824,E717
FE825,E71B
FE826,E71B
FE827,E6F9
FE828,[花束]
FE829,E6ED
FE82A,[結婚式]
FE82B,E6DF
FE82C,E6E0
FE82D,E6E1
FE82E,E6E2
FE82F,E6E3
FE830,E6E4
FE831,E6E5
FE832,E6E6
FE833,E6E7
FE834,E6E8
FE835,E6E9
FE836,E6EA
FE837,E6EB
FE838,[バリ3]
FE839,[マナーモード]
FE83A,[ケータイOFF]
FE83B,[10]
FE83C,[PDC]
FE960,E673
FE961,E749
FE962,E74A
FE963,E74C
FE964,E74D
FE965,[フライパン]
FE966,[ソフトクリーム]
FE967,[ポテト]
FE968,[だんご]
FE969,[せんべい]
FE96A,E74C
FE96B,[パスタ]
FE96C,[カレー]
FE96D,[おでん]
FE96E,[すし]
FE96F,[弁当]
FE970,[鍋]
FE971,[カキ氷]
FE972,[肉]
FE973,E643
FE974,[やきいも]
FE975,[ピザ]
FE976,[チキン]
FE977,[アイスクリーム]
FE978,[ドーナツ]
FE979,[クッキー]
FE97A,[チョコ]
FE97B,[キャンディ]
FE97C,[キャンディ]
FE97D,[プリン]
FE97E,[ハチミツ]
FE97F,[エビフライ]
FE980,E66F
FE981,E670
FE982,E671
FE983,E672
FE984,E71E
FE985,E74B
FE986,E756
FE987,E672
FE988,E671
FEAF0,E678
FEAF1,E696
FEAF2,E697
FEAF3,E6A5
FEAF4,E6F5
FEAF5,E700
FEAF6,E73C
FEAF7,E73D
FEAF8,[↑]
FEAF9,[↓]
FEAFA,[→]
FEAFB,[←]
FEAFC,[>]
FEAFD,[<]
FEAFE,[>>]
FEAFF,[<<]
FEB00,▼
FEB01,▲
FEB02,▼
FEB03,▲
FEB04,E702
FEB05,E703
FEB06,E704
FEB07,E709
FEB08,E70A
FEB09,[？]
FEB0A,[？]
FEB0B,E702
FEB0C,E6EC
FEB0D,E6ED
FEB0E,E6EE
FEB0F,E6EF
FEB10,E6EC
FEB11,E6ED
FEB12,E6EC
FEB13,E6EC
FEB14,E6EC
FEB15,E6EC
FEB16,E6EC
FEB17,E6EC
FEB18,E6ED
FEB19,E6F8
FEB1A,E68D
FEB1B,E68E
FEB1C,E68F
FEB1D,E690
FEB1E,E67F
FEB1F,E680
FEB20,E69B
FEB21,E6D7
FEB22,E6DE
FEB23,E737
FEB24,[ココ]
FEB25,[18禁]
FEB26,E72F
FEB27,E70B
FEB28,E72F
FEB29,E731
FEB2A,E732
FEB2B,E734
FEB2C,E735
FEB2D,E736
FEB2E,E738
FEB2F,E739
FEB30,E73A
FEB31,E73B
FEB32,[VS]
FEB33,[♂]
FEB34,[♀]
FEB35,[赤ちゃん]
FEB36,E6DD
FEB37,[UP!]
FEB38,[COOL]
FEB39,[有]
FEB3A,[無]
FEB3B,[月]
FEB3C,[申]
FEB3D,[得]
FEB3E,[割]
FEB3F,[サービス]
FEB40,[指]
FEB41,[営]
FEB42,[TOP]
FEB43,[祝]
FEB44,E6A0
FEB45,[×]
FEB46,[×]
FEB47,[ｉ]
FEB48,E738
FEB49,[チェックマーク]
FEB4A,[チェックマーク]
FEB4B,[リンク]
FEB4F,[SOS]
FEB50,[可]
FEB51,[＋]
FEB52,[－]
FEB53,[×]
FEB54,[÷]
FEB55,E6F8
FEB56,E6FB
FEB57,E6FC
FEB58,E6FE
FEB59,E701
FEB5A,E705
FEB5B,E706
FEB5C,E707
FEB5D,E708
FEB5E,[力こぶ]
FEB5F,[クラクラ]
FEB60,E6FA
FEB61,E6F8
FEB62,E6F8
FEB63,E69C
FEB64,E69C
FEB65,E69C
FEB66,E69C
FEB67,E69C
FEB68,[☆]
FEB69,[☆]
FEB6A,☆彡
FEB6B,■
FEB6C,■
FEB6D,■
FEB6E,■
FEB6F,■
FEB70,■
FEB71,■
FEB72,■
FEB73,◆
FEB74,◆
FEB75,◆
FEB76,◆
FEB77,E6FA
FEB78,▲
FEB79,▼
FEB7A,[花丸]
FEB7B,[100点]
FEB7C,[ABCD]
FEB7D,[abcd]
FEB7E,[1234]
FEB7F,[記号]
FEB80,[ABC]
FEB81,E6D8
FEB82,E6D9
FEB83,E6DA
FEB84,E6DB
FEB85,E6DC
FEB86,E6D9
FEB87,E6D9
FEB88,└→
FEB89,[オープンウェブ]
FEB8A,E6D9
FEB8B,[チェックマーク]
FEB8C,[ラジオボタン]
FEB8D,E6DC
FEB8E,[←BACK]
FEB8F,[ブックマーク]
FEB90,E6D9
FEB91,E735
FEB92,E6D3
FEB93,E693
FEB94,E694
FEB95,E695
FEB96,E6FD
FEB97,E727
FEB98,[人差し指]
FEB99,[↑]
FEB9A,[↓]
FEB9B,[←]
FEB9C,[→]
FEB9D,E695
FEB9E,[拍手]
FEB9F,E70B
FEBA0,E700
FEBA1,E695
FEBA2,[ロックオン]
FEE10,E6D1
FEE11,E6D2
FEE12,E6D4
FEE13,E6D5
FEE14,E70C
FEE15,E70D
FEE16,E6A6
FEE17,E6A7
FEE18,E6A8
FEE19,E6A9
FEE1A,E6AA
FEE1B,E6AB
FEE1C,E6AF
FEE1D,E6B0
FEE1E,E6B4
FEE1F,E6B5
FEE20,E6B6
FEE21,E6BB
FEE22,E6BC
FEE23,E6BD
FEE24,E6BE
FEE25,E6BF
FEE26,E6C0
FEE27,E6C1
FEE28,E6C2
FEE29,E6C3
FEE2A,E6C4
FEE2B,E6C5
FEE2C,E6C6
FEE2D,E6C7
FEE2E,E6C8
FEE2F,E6C9
FEE30,E6CA
FEE31,E6CB
FEE32,E6CC
FEE33,E6CD
FEE40,[EZ]
FEE41,[ezplus]
FEE42,[EZナビ]
FEE43,[EZムービー]
FEE44,[Cメール]
FEE45,[Java]
FEE46,[BREW]
FEE47,[EZ着うた]
FEE48,[EZナビ]
FEE49,[WIN]
FEE4A,[プレミアム]
FEE74,[v
FEE75,oda
FEE76,fone]
FEEA0,[Google]
